{"cameraMode":{"drawMode":0,"name":"Shaded","section":"Shading Mode"},"sceneLighting":false,"audioPlay":false,"sceneViewState":{"showFog":true,"showMaterialUpdate":true,"showSkybox":true,"showFlares":true,"showImageEffects":true,"showParticleSystems":true},"in2DMode":false,"pivot":{"x":2.869277000427246,"y":2.930962562561035,"z":3.5842342376708986},"rotation":{"x":0.032778095453977588,"y":0.9374882578849793,"z":-0.09198904782533646,"w":0.3340522348880768},"size":3.4124670028686525,"orthographic":false}