{"cameraMode":{"drawMode":0,"name":"Shaded","section":"Shading Mode"},"sceneLighting":false,"audioPlay":false,"sceneViewState":{"showFog":false,"showMaterialUpdate":false,"showSkybox":false,"showFlares":false,"showImageEffects":false,"showParticleSystems":false},"in2DMode":false,"pivot":{"x":-0.31620216369628909,"y":0.5743131637573242,"z":2.3763132095336916},"rotation":{"x":-0.17323188483715058,"y":0.6863276958465576,"z":-0.17364785075187684,"w":-0.6846839189529419},"size":5.935888290405273,"orthographic":false}