{"cameraMode":{"drawMode":0,"name":"Shaded","section":"Shading Mode"},"sceneLighting":false,"audioPlay":false,"sceneViewState":{"showFog":true,"showMaterialUpdate":true,"showSkybox":true,"showFlares":true,"showImageEffects":true,"showParticleSystems":true},"in2DMode":false,"pivot":{"x":-4.502326965332031,"y":15.4112548828125,"z":-9.302963256835938},"rotation":{"x":0.29623913764953616,"y":-0.11425882577896118,"z":0.0357203371822834,"w":0.9475820064544678},"size":41.17096710205078,"orthographic":false}